{
  "format_version": 1,
  "config": {
    "segment_count": 64,
    "rope_length": 12.0,
    "rope_mass": 0.9,
    "payload_mass": 80.0,
    "axial_rigidity": 30000.0,
    "transient_axial_rigidity": 15000.0,
    "rope_model": "kelvin_voigt",
    "axial_viscosity": 30000.0,
    "air_damping_rate": 0.0,
    "gravity": {
      "x": 0.0,
      "y": -9.81
    },
    "anchor": {
      "x": 0.0,
      "y": 0.0
    },
    "integrator": "backward_euler"
  },
  "fixed_time_step": 0.004166666666666667,
  "duration": 0.8874999999999981,
  "test_integrators": [
    "backward_euler",
    "tr_bdf2"
  ],
  "commands": [
    {
      "time": 0.8833333333333314,
      "command": {
        "interpolate_target": {
          "target": {
            "position": {
              "x": -0.1903846114873886,
              "y": -12.31788444519043
            },
            "velocity": {
              "x": 0.0,
              "y": 0.0
            }
          },
          "duration": 0.004166666666666667
        }
      }
    },
    {
      "time": 0.8833333333333314,
      "command": {
        "interpolate_target": {
          "target": {
            "position": {
              "x": -0.22846153378486633,
              "y": -12.336922645568848
            },
            "velocity": {
              "x": -6.139238636282686,
              "y": -3.069577273481937
            }
          },
          "duration": 0.004166666666666667
        }
      }
    }
  ]
}
